{
  "collectionName": "components_shared_meta_socials",
  "info": {
    "displayName": "metaSocial",
    "icon": "project-diagram"
  },
  "options": {},
  "attributes": {
    "socialNetwork": {
      "type": "enumeration",
      "enum": ["Facebook", "Twitter"],
      "required": true
    },
    "title": {
      "type": "string",
      "required": true,
      "maxLength": 60
    },
    "description": {
      "type": "string",
      "maxLength": 65,
      "required": true
    },
    "image": {
      "allowedTypes": ["images", "files", "videos"],
      "type": "media",
      "multiple": false
    }
  }
}
