{
  "kind": "collectionType",
  "collectionName": "crypto_currencies",
  "info": {
    "singularName": "crypto-currency",
    "pluralName": "crypto-currencies",
    "displayName": "CryptoCurrency",
    "description": ""
  },
  "options": {
    "draftAndPublish": false
  },
  "pluginOptions": {},
  "attributes": {
    "name": {
      "type": "string",
      "required": true
    },
    "quotes": {
      "type": "relation",
      "relation": "oneToMany",
      "target": "api::quote.quote",
      "mappedBy": "cryptoCurrency"
    },
    "slug": {
      "type": "uid",
      "targetField": "name",
      "required": true
    },
    "symbol": {
      "type": "string",
      "required": true
    },
    "maxSupply": {
      "type": "biginteger"
    },
    "icon": {
      "type": "media",
      "multiple": false,
      "required": false,
      "allowedTypes": [
        "images"
      ]
    },
    "index": {
      "type": "string"
    }
  }
}
