{
  "name": "Super Admin",
  "code": "strapi-super-admin",
  "description": "Super Admins can access and manage all features and settings.",
  "permissions": [
    {
      "action": "plugin::content-manager.explorer.create",
      "subject": "api::category.category",
      "properties": {
        "fields": [
          "name",
          "slug",
          "posts",
          "seo.metaTitle",
          "seo.metaDescription",
          "seo.metaImage",
          "seo.metaSocial.socialNetwork",
          "seo.metaSocial.title",
          "seo.metaSocial.description",
          "seo.metaSocial.image",
          "seo.keywords",
          "seo.metaRobots",
          "seo.structuredData",
          "seo.metaViewport",
          "seo.canonicalURL"
        ]
      },
      "conditions": []
    },
    {
      "action": "plugin::content-manager.explorer.delete",
      "subject": "api::category.category",
      "properties": {},
      "conditions": []
    },
    {
      "action": "plugin::content-manager.explorer.read",
      "subject": "api::category.category",
      "properties": {
        "fields": [
          "name",
          "slug",
          "posts",
          "seo.metaTitle",
          "seo.metaDescription",
          "seo.metaImage",
          "seo.metaSocial.socialNetwork",
          "seo.metaSocial.title",
          "seo.metaSocial.description",
          "seo.metaSocial.image",
          "seo.keywords",
          "seo.metaRobots",
          "seo.structuredData",
          "seo.metaViewport",
          "seo.canonicalURL"
        ]
      },
      "conditions": []
    },
    {
      "action": "plugin::content-manager.explorer.update",
      "subject": "api::category.category",
      "properties": {
        "fields": [
          "name",
          "slug",
          "posts",
          "seo.metaTitle",
          "seo.metaDescription",
          "seo.metaImage",
          "seo.metaSocial.socialNetwork",
          "seo.metaSocial.title",
          "seo.metaSocial.description",
          "seo.metaSocial.image",
          "seo.keywords",
          "seo.metaRobots",
          "seo.structuredData",
          "seo.metaViewport",
          "seo.canonicalURL"
        ]
      },
      "conditions": []
    },
    {
      "action": "plugin::content-manager.explorer.create",
      "subject": "api::contact.contact",
      "properties": {
        "fields": [
          "name",
          "email",
          "subject",
          "text",
          "status"
        ]
      },
      "conditions": []
    },
    {
      "action": "plugin::content-manager.explorer.delete",
      "subject": "api::contact.contact",
      "properties": {},
      "conditions": []
    },
    {
      "action": "plugin::content-manager.explorer.read",
      "subject": "api::contact.contact",
      "properties": {
        "fields": [
          "name",
          "email",
          "subject",
          "text",
          "status"
        ]
      },
      "conditions": []
    },
    {
      "action": "plugin::content-manager.explorer.update",
      "subject": "api::contact.contact",
      "properties": {
        "fields": [
          "name",
          "email",
          "subject",
          "text",
          "status"
        ]
      },
      "conditions": []
    },
    {
      "action": "plugin::content-manager.explorer.create",
      "subject": "api::post.post",
      "properties": {
        "fields": [
          "name",
          "slug",
          "teaser",
          "content",
          "cover",
          "seo.metaTitle",
          "seo.metaDescription",
          "seo.metaImage",
          "seo.metaSocial.socialNetwork",
          "seo.metaSocial.title",
          "seo.metaSocial.description",
          "seo.metaSocial.image",
          "seo.keywords",
          "seo.metaRobots",
          "seo.structuredData",
          "seo.metaViewport",
          "seo.canonicalURL",
          "category"
        ]
      },
      "conditions": []
    },
    {
      "action": "plugin::content-manager.explorer.delete",
      "subject": "api::post.post",
      "properties": {},
      "conditions": []
    },
    {
      "action": "plugin::content-manager.explorer.publish",
      "subject": "api::post.post",
      "properties": {},
      "conditions": []
    },
    {
      "action": "plugin::content-manager.explorer.read",
      "subject": "api::post.post",
      "properties": {
        "fields": [
          "name",
          "slug",
          "teaser",
          "content",
          "cover",
          "seo.metaTitle",
          "seo.metaDescription",
          "seo.metaImage",
          "seo.metaSocial.socialNetwork",
          "seo.metaSocial.title",
          "seo.metaSocial.description",
          "seo.metaSocial.image",
          "seo.keywords",
          "seo.metaRobots",
          "seo.structuredData",
          "seo.metaViewport",
          "seo.canonicalURL",
          "category"
        ]
      },
      "conditions": []
    },
    {
      "action": "plugin::content-manager.explorer.update",
      "subject": "api::post.post",
      "properties": {
        "fields": [
          "name",
          "slug",
          "teaser",
          "content",
          "cover",
          "seo.metaTitle",
          "seo.metaDescription",
          "seo.metaImage",
          "seo.metaSocial.socialNetwork",
          "seo.metaSocial.title",
          "seo.metaSocial.description",
          "seo.metaSocial.image",
          "seo.keywords",
          "seo.metaRobots",
          "seo.structuredData",
          "seo.metaViewport",
          "seo.canonicalURL",
          "category"
        ]
      },
      "conditions": []
    },
    {
      "action": "plugin::content-manager.explorer.create",
      "subject": "api::translation.translation",
      "properties": {
        "fields": [
          "entry.key",
          "entry.value"
        ],
        "locales": [
          "en",
          "es"
        ]
      },
      "conditions": []
    },
    {
      "action": "plugin::content-manager.explorer.delete",
      "subject": "api::translation.translation",
      "properties": {
        "locales": [
          "en",
          "es"
        ]
      },
      "conditions": []
    },
    {
      "action": "plugin::content-manager.explorer.publish",
      "subject": "api::translation.translation",
      "properties": {
        "locales": [
          "en",
          "es"
        ]
      },
      "conditions": []
    },
    {
      "action": "plugin::content-manager.explorer.read",
      "subject": "api::translation.translation",
      "properties": {
        "fields": [
          "entry.key",
          "entry.value"
        ],
        "locales": [
          "en",
          "es"
        ]
      },
      "conditions": []
    },
    {
      "action": "plugin::content-manager.explorer.update",
      "subject": "api::translation.translation",
      "properties": {
        "fields": [
          "entry.key",
          "entry.value"
        ],
        "locales": [
          "en",
          "es"
        ]
      },
      "conditions": []
    },
    {
      "action": "plugin::content-manager.explorer.create",
      "subject": "api::website.website",
      "properties": {
        "fields": [
          "content",
          "seo.metaTitle",
          "seo.metaDescription",
          "seo.metaImage",
          "seo.metaSocial.socialNetwork",
          "seo.metaSocial.title",
          "seo.metaSocial.description",
          "seo.metaSocial.image",
          "seo.keywords",
          "seo.metaRobots",
          "seo.structuredData",
          "seo.metaViewport",
          "seo.canonicalURL"
        ]
      },
      "conditions": []
    },
    {
      "action": "plugin::content-manager.explorer.delete",
      "subject": "api::website.website",
      "properties": {},
      "conditions": []
    },
    {
      "action": "plugin::content-manager.explorer.read",
      "subject": "api::website.website",
      "properties": {
        "fields": [
          "content",
          "seo.metaTitle",
          "seo.metaDescription",
          "seo.metaImage",
          "seo.metaSocial.socialNetwork",
          "seo.metaSocial.title",
          "seo.metaSocial.description",
          "seo.metaSocial.image",
          "seo.keywords",
          "seo.metaRobots",
          "seo.structuredData",
          "seo.metaViewport",
          "seo.canonicalURL"
        ]
      },
      "conditions": []
    },
    {
      "action": "plugin::content-manager.explorer.update",
      "subject": "api::website.website",
      "properties": {
        "fields": [
          "content",
          "seo.metaTitle",
          "seo.metaDescription",
          "seo.metaImage",
          "seo.metaSocial.socialNetwork",
          "seo.metaSocial.title",
          "seo.metaSocial.description",
          "seo.metaSocial.image",
          "seo.keywords",
          "seo.metaRobots",
          "seo.structuredData",
          "seo.metaViewport",
          "seo.canonicalURL"
        ]
      },
      "conditions": []
    },
    {
      "action": "admin::api-tokens.create",
      "subject": null,
      "properties": {},
      "conditions": []
    },
    {
      "action": "admin::api-tokens.delete",
      "subject": null,
      "properties": {},
      "conditions": []
    },
    {
      "action": "admin::api-tokens.read",
      "subject": null,
      "properties": {},
      "conditions": []
    },
    {
      "action": "admin::api-tokens.update",
      "subject": null,
      "properties": {},
      "conditions": []
    },
    {
      "action": "admin::marketplace.plugins.install",
      "subject": null,
      "properties": {},
      "conditions": []
    },
    {
      "action": "admin::marketplace.plugins.uninstall",
      "subject": null,
      "properties": {},
      "conditions": []
    },
    {
      "action": "admin::marketplace.read",
      "subject": null,
      "properties": {},
      "conditions": []
    },
    {
      "action": "admin::project-settings.read",
      "subject": null,
      "properties": {},
      "conditions": []
    },
    {
      "action": "admin::project-settings.update",
      "subject": null,
      "properties": {},
      "conditions": []
    },
    {
      "action": "admin::roles.create",
      "subject": null,
      "properties": {},
      "conditions": []
    },
    {
      "action": "admin::roles.delete",
      "subject": null,
      "properties": {},
      "conditions": []
    },
    {
      "action": "admin::roles.read",
      "subject": null,
      "properties": {},
      "conditions": []
    },
    {
      "action": "admin::roles.update",
      "subject": null,
      "properties": {},
      "conditions": []
    },
    {
      "action": "admin::users.create",
      "subject": null,
      "properties": {},
      "conditions": []
    },
    {
      "action": "admin::users.delete",
      "subject": null,
      "properties": {},
      "conditions": []
    },
    {
      "action": "admin::users.read",
      "subject": null,
      "properties": {},
      "conditions": []
    },
    {
      "action": "admin::users.update",
      "subject": null,
      "properties": {},
      "conditions": []
    },
    {
      "action": "admin::webhooks.create",
      "subject": null,
      "properties": {},
      "conditions": []
    },
    {
      "action": "admin::webhooks.delete",
      "subject": null,
      "properties": {},
      "conditions": []
    },
    {
      "action": "admin::webhooks.read",
      "subject": null,
      "properties": {},
      "conditions": []
    },
    {
      "action": "admin::webhooks.update",
      "subject": null,
      "properties": {},
      "conditions": []
    },
    {
      "action": "plugin::config-sync.menu-link",
      "subject": null,
      "properties": {},
      "conditions": []
    },
    {
      "action": "plugin::config-sync.settings.read",
      "subject": null,
      "properties": {},
      "conditions": []
    },
    {
      "action": "plugin::content-manager.collection-types.configure-view",
      "subject": null,
      "properties": {},
      "conditions": []
    },
    {
      "action": "plugin::content-manager.components.configure-layout",
      "subject": null,
      "properties": {},
      "conditions": []
    },
    {
      "action": "plugin::content-manager.explorer.create",
      "subject": "plugin::users-permissions.user",
      "properties": {
        "fields": [
          "username",
          "email",
          "provider",
          "password",
          "resetPasswordToken",
          "confirmationToken",
          "confirmed",
          "blocked",
          "role"
        ]
      },
      "conditions": []
    },
    {
      "action": "plugin::content-manager.explorer.delete",
      "subject": "plugin::users-permissions.user",
      "properties": {},
      "conditions": []
    },
    {
      "action": "plugin::content-manager.explorer.read",
      "subject": "plugin::users-permissions.user",
      "properties": {
        "fields": [
          "username",
          "email",
          "provider",
          "password",
          "resetPasswordToken",
          "confirmationToken",
          "confirmed",
          "blocked",
          "role"
        ]
      },
      "conditions": []
    },
    {
      "action": "plugin::content-manager.explorer.update",
      "subject": "plugin::users-permissions.user",
      "properties": {
        "fields": [
          "username",
          "email",
          "provider",
          "password",
          "resetPasswordToken",
          "confirmationToken",
          "confirmed",
          "blocked",
          "role"
        ]
      },
      "conditions": []
    },
    {
      "action": "plugin::content-manager.single-types.configure-view",
      "subject": null,
      "properties": {},
      "conditions": []
    },
    {
      "action": "plugin::content-type-builder.read",
      "subject": null,
      "properties": {},
      "conditions": []
    },
    {
      "action": "plugin::email.settings.read",
      "subject": null,
      "properties": {},
      "conditions": []
    },
    {
      "action": "plugin::i18n.locale.create",
      "subject": null,
      "properties": {},
      "conditions": []
    },
    {
      "action": "plugin::i18n.locale.delete",
      "subject": null,
      "properties": {},
      "conditions": []
    },
    {
      "action": "plugin::i18n.locale.read",
      "subject": null,
      "properties": {},
      "conditions": []
    },
    {
      "action": "plugin::i18n.locale.update",
      "subject": null,
      "properties": {},
      "conditions": []
    },
    {
      "action": "plugin::sitemap.menu-link",
      "subject": null,
      "properties": {},
      "conditions": []
    },
    {
      "action": "plugin::sitemap.settings.read",
      "subject": null,
      "properties": {},
      "conditions": []
    },
    {
      "action": "plugin::upload.assets.copy-link",
      "subject": null,
      "properties": {},
      "conditions": []
    },
    {
      "action": "plugin::upload.assets.create",
      "subject": null,
      "properties": {},
      "conditions": []
    },
    {
      "action": "plugin::upload.assets.download",
      "subject": null,
      "properties": {},
      "conditions": []
    },
    {
      "action": "plugin::upload.assets.update",
      "subject": null,
      "properties": {},
      "conditions": []
    },
    {
      "action": "plugin::upload.read",
      "subject": null,
      "properties": {},
      "conditions": []
    },
    {
      "action": "plugin::upload.settings.read",
      "subject": null,
      "properties": {},
      "conditions": []
    },
    {
      "action": "plugin::users-permissions.advanced-settings.read",
      "subject": null,
      "properties": {},
      "conditions": []
    },
    {
      "action": "plugin::users-permissions.advanced-settings.update",
      "subject": null,
      "properties": {},
      "conditions": []
    },
    {
      "action": "plugin::users-permissions.email-templates.read",
      "subject": null,
      "properties": {},
      "conditions": []
    },
    {
      "action": "plugin::users-permissions.email-templates.update",
      "subject": null,
      "properties": {},
      "conditions": []
    },
    {
      "action": "plugin::users-permissions.providers.read",
      "subject": null,
      "properties": {},
      "conditions": []
    },
    {
      "action": "plugin::users-permissions.providers.update",
      "subject": null,
      "properties": {},
      "conditions": []
    },
    {
      "action": "plugin::users-permissions.roles.create",
      "subject": null,
      "properties": {},
      "conditions": []
    },
    {
      "action": "plugin::users-permissions.roles.delete",
      "subject": null,
      "properties": {},
      "conditions": []
    },
    {
      "action": "plugin::users-permissions.roles.read",
      "subject": null,
      "properties": {},
      "conditions": []
    },
    {
      "action": "plugin::users-permissions.roles.update",
      "subject": null,
      "properties": {},
      "conditions": []
    }
  ]
}