{
  "key": "plugin_content_manager_configuration_components::shared.seo",
  "value": {
    "uid": "shared.seo",
    "settings": {
      "bulkable": true,
      "filterable": true,
      "searchable": true,
      "pageSize": 10,
      "mainField": "metaTitle",
      "defaultSortBy": "metaTitle",
      "defaultSortOrder": "ASC"
    },
    "metadatas": {
      "id": {
        "edit": {},
        "list": {
          "label": "id",
          "searchable": false,
          "sortable": false
        }
      },
      "metaTitle": {
        "edit": {
          "label": "metaTitle",
          "description": "",
          "placeholder": "",
          "visible": true,
          "editable": true
        },
        "list": {
          "label": "metaTitle",
          "searchable": true,
          "sortable": true
        }
      },
      "metaDescription": {
        "edit": {
          "label": "metaDescription",
          "description": "",
          "placeholder": "",
          "visible": true,
          "editable": true
        },
        "list": {
          "label": "metaDescription",
          "searchable": true,
          "sortable": true
        }
      },
      "metaImage": {
        "edit": {
          "label": "metaImage",
          "description": "",
          "placeholder": "",
          "visible": true,
          "editable": true
        },
        "list": {
          "label": "metaImage",
          "searchable": false,
          "sortable": false
        }
      },
      "metaSocial": {
        "edit": {
          "label": "metaSocial",
          "description": "",
          "placeholder": "",
          "visible": true,
          "editable": true
        },
        "list": {
          "label": "metaSocial",
          "searchable": false,
          "sortable": false
        }
      },
      "keywords": {
        "edit": {
          "label": "keywords",
          "description": "",
          "placeholder": "",
          "visible": true,
          "editable": true
        },
        "list": {
          "label": "keywords",
          "searchable": true,
          "sortable": true
        }
      },
      "metaRobots": {
        "edit": {
          "label": "metaRobots",
          "description": "",
          "placeholder": "",
          "visible": true,
          "editable": true
        },
        "list": {
          "label": "metaRobots",
          "searchable": true,
          "sortable": true
        }
      },
      "structuredData": {
        "edit": {
          "label": "structuredData",
          "description": "",
          "placeholder": "",
          "visible": true,
          "editable": true
        },
        "list": {
          "label": "structuredData",
          "searchable": false,
          "sortable": false
        }
      },
      "metaViewport": {
        "edit": {
          "label": "metaViewport",
          "description": "",
          "placeholder": "",
          "visible": true,
          "editable": true
        },
        "list": {
          "label": "metaViewport",
          "searchable": true,
          "sortable": true
        }
      },
      "canonicalURL": {
        "edit": {
          "label": "canonicalURL",
          "description": "",
          "placeholder": "",
          "visible": true,
          "editable": true
        },
        "list": {
          "label": "canonicalURL",
          "searchable": true,
          "sortable": true
        }
      }
    },
    "layouts": {
      "list": [
        "id",
        "metaTitle",
        "metaDescription",
        "metaImage"
      ],
      "edit": [
        [
          {
            "name": "metaTitle",
            "size": 6
          },
          {
            "name": "metaDescription",
            "size": 6
          }
        ],
        [
          {
            "name": "metaImage",
            "size": 6
          }
        ],
        [
          {
            "name": "metaSocial",
            "size": 12
          }
        ],
        [
          {
            "name": "keywords",
            "size": 6
          },
          {
            "name": "metaRobots",
            "size": 6
          }
        ],
        [
          {
            "name": "structuredData",
            "size": 12
          }
        ],
        [
          {
            "name": "metaViewport",
            "size": 6
          },
          {
            "name": "canonicalURL",
            "size": 6
          }
        ]
      ],
      "editRelations": []
    },
    "isComponent": true
  },
  "type": "object",
  "environment": null,
  "tag": null
}