{
  "key": "plugin_content_manager_configuration_components::ui.link",
  "value": {
    "uid": "ui.link",
    "settings": {
      "bulkable": true,
      "filterable": true,
      "searchable": true,
      "pageSize": 10,
      "mainField": "url",
      "defaultSortBy": "url",
      "defaultSortOrder": "ASC"
    },
    "metadatas": {
      "id": {
        "edit": {},
        "list": {
          "label": "id",
          "searchable": false,
          "sortable": false
        }
      },
      "url": {
        "edit": {
          "label": "url",
          "description": "",
          "placeholder": "",
          "visible": true,
          "editable": true
        },
        "list": {
          "label": "url",
          "searchable": true,
          "sortable": true
        }
      },
      "title": {
        "edit": {
          "label": "title",
          "description": "",
          "placeholder": "",
          "visible": true,
          "editable": true
        },
        "list": {
          "label": "title",
          "searchable": true,
          "sortable": true
        }
      }
    },
    "layouts": {
      "list": [
        "id",
        "url",
        "title"
      ],
      "edit": [
        [
          {
            "name": "url",
            "size": 6
          },
          {
            "name": "title",
            "size": 6
          }
        ]
      ],
      "editRelations": []
    },
    "isComponent": true
  },
  "type": "object",
  "environment": null,
  "tag": null
}