{
  "key": "plugin_content_manager_configuration_components::ui.grid",
  "value": {
    "uid": "ui.grid",
    "settings": {
      "bulkable": true,
      "filterable": true,
      "searchable": true,
      "pageSize": 10,
      "mainField": "id",
      "defaultSortBy": "id",
      "defaultSortOrder": "ASC"
    },
    "metadatas": {
      "id": {
        "edit": {},
        "list": {
          "label": "id",
          "searchable": false,
          "sortable": false
        }
      },
      "visible": {
        "edit": {
          "label": "visible",
          "description": "",
          "placeholder": "",
          "visible": true,
          "editable": true
        },
        "list": {
          "label": "visible",
          "searchable": true,
          "sortable": true
        }
      },
      "children": {
        "edit": {
          "label": "children",
          "description": "",
          "placeholder": "",
          "visible": true,
          "editable": true
        },
        "list": {
          "label": "children",
          "searchable": false,
          "sortable": false
        }
      }
    },
    "layouts": {
      "list": [
        "id",
        "visible",
        "children"
      ],
      "edit": [
        [
          {
            "name": "visible",
            "size": 4
          }
        ],
        [
          {
            "name": "children",
            "size": 12
          }
        ]
      ],
      "editRelations": []
    },
    "isComponent": true
  },
  "type": "object",
  "environment": null,
  "tag": null
}