{
  "key": "plugin_content_manager_configuration_components::ui.tab",
  "value": {
    "uid": "ui.tab",
    "settings": {
      "bulkable": true,
      "filterable": true,
      "searchable": true,
      "pageSize": 10,
      "mainField": "name",
      "defaultSortBy": "name",
      "defaultSortOrder": "ASC"
    },
    "metadatas": {
      "id": {
        "edit": {},
        "list": {
          "label": "id",
          "searchable": false,
          "sortable": false
        }
      },
      "name": {
        "edit": {
          "label": "name",
          "description": "",
          "placeholder": "",
          "visible": true,
          "editable": true
        },
        "list": {
          "label": "name",
          "searchable": true,
          "sortable": true
        }
      },
      "pane": {
        "edit": {
          "label": "pane",
          "description": "",
          "placeholder": "",
          "visible": true,
          "editable": true
        },
        "list": {
          "label": "pane",
          "searchable": false,
          "sortable": false
        }
      }
    },
    "layouts": {
      "list": [
        "id",
        "name",
        "pane"
      ],
      "edit": [
        [
          {
            "name": "name",
            "size": 6
          }
        ],
        [
          {
            "name": "pane",
            "size": 12
          }
        ]
      ],
      "editRelations": []
    },
    "isComponent": true
  },
  "type": "object",
  "environment": null,
  "tag": null
}