{
  "key": "plugin_content_manager_configuration_components::ui.card",
  "value": {
    "uid": "ui.card",
    "settings": {
      "bulkable": true,
      "filterable": true,
      "searchable": true,
      "pageSize": 10,
      "mainField": "title",
      "defaultSortBy": "title",
      "defaultSortOrder": "ASC"
    },
    "metadatas": {
      "id": {
        "edit": {},
        "list": {
          "label": "id",
          "searchable": false,
          "sortable": false
        }
      },
      "title": {
        "edit": {
          "label": "title",
          "description": "",
          "placeholder": "",
          "visible": true,
          "editable": true
        },
        "list": {
          "label": "title",
          "searchable": true,
          "sortable": true
        }
      },
      "subtitle": {
        "edit": {
          "label": "subtitle",
          "description": "",
          "placeholder": "",
          "visible": true,
          "editable": true
        },
        "list": {
          "label": "subtitle",
          "searchable": true,
          "sortable": true
        }
      },
      "description": {
        "edit": {
          "label": "description",
          "description": "",
          "placeholder": "",
          "visible": true,
          "editable": true
        },
        "list": {
          "label": "description",
          "searchable": true,
          "sortable": true
        }
      },
      "media": {
        "edit": {
          "label": "media",
          "description": "",
          "placeholder": "",
          "visible": true,
          "editable": true
        },
        "list": {
          "label": "media",
          "searchable": false,
          "sortable": false
        }
      }
    },
    "layouts": {
      "list": [
        "id",
        "title",
        "subtitle",
        "description"
      ],
      "edit": [
        [
          {
            "name": "title",
            "size": 6
          },
          {
            "name": "subtitle",
            "size": 6
          }
        ],
        [
          {
            "name": "description",
            "size": 6
          },
          {
            "name": "media",
            "size": 6
          }
        ]
      ],
      "editRelations": []
    },
    "isComponent": true
  },
  "type": "object",
  "environment": null,
  "tag": null
}