{
  "key": "plugin_content_manager_configuration_components::data.contact",
  "value": {
    "uid": "data.contact",
    "settings": {
      "bulkable": true,
      "filterable": true,
      "searchable": true,
      "pageSize": 10,
      "mainField": "phone",
      "defaultSortBy": "phone",
      "defaultSortOrder": "ASC"
    },
    "metadatas": {
      "id": {
        "edit": {},
        "list": {
          "label": "id",
          "searchable": false,
          "sortable": false
        }
      },
      "email": {
        "edit": {
          "label": "email",
          "description": "",
          "placeholder": "",
          "visible": true,
          "editable": true
        },
        "list": {
          "label": "email",
          "searchable": true,
          "sortable": true
        }
      },
      "phone": {
        "edit": {
          "label": "phone",
          "description": "",
          "placeholder": "",
          "visible": true,
          "editable": true
        },
        "list": {
          "label": "phone",
          "searchable": true,
          "sortable": true
        }
      },
      "address": {
        "edit": {
          "label": "address",
          "description": "",
          "placeholder": "",
          "visible": true,
          "editable": true
        },
        "list": {
          "label": "address",
          "searchable": true,
          "sortable": true
        }
      }
    },
    "layouts": {
      "list": [
        "id",
        "email",
        "phone",
        "address"
      ],
      "edit": [
        [
          {
            "name": "email",
            "size": 6
          },
          {
            "name": "phone",
            "size": 6
          }
        ],
        [
          {
            "name": "address",
            "size": 6
          }
        ]
      ],
      "editRelations": []
    },
    "isComponent": true
  },
  "type": "object",
  "environment": null,
  "tag": null
}