{
  "key": "plugin_content_manager_configuration_components::page.contact-us",
  "value": {
    "uid": "page.contact-us",
    "settings": {
      "bulkable": true,
      "filterable": true,
      "searchable": true,
      "pageSize": 10,
      "mainField": "pathname",
      "defaultSortBy": "pathname",
      "defaultSortOrder": "ASC"
    },
    "metadatas": {
      "id": {
        "edit": {},
        "list": {
          "label": "id",
          "searchable": false,
          "sortable": false
        }
      },
      "pathname": {
        "edit": {
          "label": "pathname",
          "description": "",
          "placeholder": "",
          "visible": true,
          "editable": true
        },
        "list": {
          "label": "pathname",
          "searchable": true,
          "sortable": true
        }
      },
      "contact": {
        "edit": {
          "label": "contact",
          "description": "",
          "placeholder": "",
          "visible": true,
          "editable": true
        },
        "list": {
          "label": "contact",
          "searchable": false,
          "sortable": false
        }
      }
    },
    "layouts": {
      "list": [
        "id",
        "pathname",
        "contact"
      ],
      "edit": [
        [
          {
            "name": "pathname",
            "size": 6
          }
        ],
        [
          {
            "name": "contact",
            "size": 12
          }
        ]
      ],
      "editRelations": []
    },
    "isComponent": true
  },
  "type": "object",
  "environment": null,
  "tag": null
}