{
  "name": "Authenticated",
  "description": "Default role given to authenticated user.",
  "type": "authenticated",
  "permissions": [
    {
      "action": "api::category.category.find"
    },
    {
      "action": "api::category.category.findOne"
    },
    {
      "action": "api::contact.contact.create"
    },
    {
      "action": "api::post.post.find"
    },
    {
      "action": "api::post.post.findOne"
    },
    {
      "action": "api::translation.translation.find"
    },
    {
      "action": "plugin::i18n.locales.listLocales"
    },
    {
      "action": "plugin::menus.menu-item.find"
    },
    {
      "action": "plugin::menus.menu-item.findOne"
    },
    {
      "action": "plugin::menus.menu.find"
    },
    {
      "action": "plugin::menus.menu.findOne"
    },
    {
      "action": "plugin::users-permissions.auth.connect"
    },
    {
      "action": "plugin::users-permissions.user.me"
    }
  ]
}