{
  "kind": "collectionType",
  "collectionName": "quotes",
  "info": {
    "singularName": "quote",
    "pluralName": "quotes",
    "displayName": "Quote",
    "description": ""
  },
  "options": {
    "draftAndPublish": false
  },
  "pluginOptions": {},
  "attributes": {
    "price": {
      "type": "float",
      "required": true
    },
    "currency": {
      "type": "enumeration",
      "enum": [
        "USD",
        "EUR"
      ],
      "default": "USD",
      "required": true
    },
    "volume24h": {
      "type": "float",
      "required": true,
      "default": 0
    },
    "volumeChange24h": {
      "type": "float",
      "required": true,
      "default": 0
    },
    "marketCap": {
      "type": "float",
      "required": true,
      "default": 0
    },
    "percentChangeHour": {
      "type": "float",
      "required": true,
      "default": 0
    },
    "percentChangeDay": {
      "type": "float",
      "required": true,
      "default": 0
    },
    "percentChangeWeek": {
      "type": "float",
      "default": 0
    },
    "percentChangeMonth": {
      "type": "float",
      "required": true,
      "default": 0
    },
    "cryptoCurrency": {
      "type": "relation",
      "relation": "manyToOne",
      "target": "api::crypto-currency.crypto-currency",
      "inversedBy": "quotes"
    },
    "index": {
      "type": "integer"
    }
  }
}
